START TRANSACTION;
BEGIN;

INSERT INTO salab.courses (ID, CourseType, Title, Description, Link) VALUES (0, 'GRADUATE', 'Models of Software Systems', 'Computer Scientists have long investigated the problem of how to automate software development from its specification to its program. So far the efforts were not fully successful but much of the results can be fruitfully applied to development of small programs and critical small portions of large programs. In this course, we learn how to formally write requirements, how to formally model specifications and how to rigorously verify that the models have the required properties.', 'http://klms.kaist.ac.kr');

INSERT INTO salab.coursecodes (ID, CourseID, Code) VALUES (0, 0, 'CS552');
INSERT INTO salab.coursecodes (ID, CourseID, Code) VALUES (1, 0, 'SEP531');

INSERT INTO salab.interests (ID, FieldName, FieldDesc) VALUES (0, 'Software Engineering', null);
INSERT INTO salab.interests (ID, FieldName, FieldDesc) VALUES (1, 'Software Architecture', null);
INSERT INTO salab.interests (ID, FieldName, FieldDesc) VALUES (2, 'Software Product Lines', null);
INSERT INTO salab.interests (ID, FieldName, FieldDesc) VALUES (3, 'Software Testing', null);
INSERT INTO salab.interests (ID, FieldName, FieldDesc) VALUES (4, 'Model-Driven Development', null);
INSERT INTO salab.interests (ID, FieldName, FieldDesc) VALUES (5, 'Formal Methods', null);
INSERT INTO salab.interests (ID, FieldName, FieldDesc) VALUES (6, 'Service-Oriented Architecture', null);
INSERT INTO salab.interests (ID, FieldName, FieldDesc) VALUES (7, 'Measuring Quality based on Software Architecture', null);
INSERT INTO salab.interests (ID, FieldName, FieldDesc) VALUES (8, 'Evaluation of Software Architecture Software System', null);
INSERT INTO salab.interests (ID, FieldName, FieldDesc) VALUES (9, 'Construction of Software Architecture', NULL);

INSERT INTO salab.members (ID, Name, KoreanName, Degree, Link, EnterDate, Graduated, GraduatedYear) VALUES (0, 'Sungwon Kang', '강성원', 'prof', null, '1997-01-01', 0, null);
INSERT INTO salab.members (ID, Name, KoreanName, Degree, Link, EnterDate, Graduated, GraduatedYear) VALUES (1, 'Jungho Kim', '김정호', 'phd', null, '2011-02-01', 0, null);
INSERT INTO salab.members (ID, Name, KoreanName, Degree, Link, EnterDate, Graduated, GraduatedYear) VALUES (2, 'Hwi Ahn', '안휘', 'phd', null, '2012-03-01', 0, null);
INSERT INTO salab.members (ID, Name, KoreanName, Degree, Link, EnterDate, Graduated, GraduatedYear) VALUES (3, 'Jongsun Ahn', '안종선', 'phd', null, '2012-10-31', 0, null);
INSERT INTO salab.members (ID, Name, KoreanName, Degree, Link, EnterDate, Graduated, GraduatedYear) VALUES (4, 'Taehyun Park', '박태현', 'phd', null, '2012-09-03', 0, null);
INSERT INTO salab.members (ID, Name, KoreanName, Degree, Link, EnterDate, Graduated, GraduatedYear) VALUES (5, 'Pilsu Jung', '정필수', 'phd', null, '2014-03-03', 0, null);
INSERT INTO salab.members (ID, Name, KoreanName, Degree, Link, EnterDate, Graduated, GraduatedYear) VALUES (6, 'Younghun Han', '한영훈', 'phd', null, '2014-09-01', 0, null);
INSERT INTO salab.members (ID, Name, KoreanName, Degree, Link, EnterDate, Graduated, GraduatedYear) VALUES (7, 'Gyeongmin Go', '고경민', 'phd', 'http://imarch.pe.kr', '2015-08-31', 0, null);
INSERT INTO salab.members (ID, Name, KoreanName, Degree, Link, EnterDate, Graduated, GraduatedYear) VALUES (8, 'Jaejun Lee', '이재준', 'ms', null, '2014-09-01', 0, null);
INSERT INTO salab.members (ID, Name, KoreanName, Degree, Link, EnterDate, Graduated, GraduatedYear) VALUES (9, 'Taehyun Kim', '김태현', 'ms', null, '2015-03-02', 0, null);
INSERT INTO salab.members (ID, Name, KoreanName, Degree, Link, EnterDate, Graduated, GraduatedYear) VALUES (10, 'Haeun Baek', '백하은', 'ms', null, '2011-03-01', 1, 2013);
INSERT INTO salab.members (ID, Name, KoreanName, Degree, Link, EnterDate, Graduated, GraduatedYear) VALUES (11, 'Jungmin Kim', '김정민', 'ms', null, '2011-03-02', 1, 2013);
INSERT INTO salab.members (ID, Name, KoreanName, Degree, Link, EnterDate, Graduated, GraduatedYear) VALUES (12, 'Jihyun Lee', '이지현', 'external', null, '2009-02-01', 1, null);
INSERT INTO salab.members (ID, Name, KoreanName, Degree, Link, EnterDate, Graduated, GraduatedYear) VALUES (13, 'Jinhyun Kim', '김진현', 'external', null, '2016-02-26', 1, null);
INSERT INTO salab.members (ID, Name, KoreanName, Degree, Link, EnterDate, Graduated, GraduatedYear) VALUES (14, 'Inhey Kang', '강인혜', 'external', null, '2016-02-26', 1, null);
INSERT INTO salab.members (ID, Name, KoreanName, Degree, Link, EnterDate, Graduated, GraduatedYear) VALUES (15, 'Jin-Young Choi', '최진영', 'external', null, '2016-02-26', 1, null);
INSERT INTO salab.members (ID, Name, KoreanName, Degree, Link, EnterDate, Graduated, GraduatedYear) VALUES (16, 'Insup Lee', '이인섭', 'external', null, '2016-02-26', 1, null);
INSERT INTO salab.members (ID, Name, KoreanName, Degree, Link, EnterDate, Graduated, GraduatedYear) VALUES (17, 'Seokhwan Eom', '엄석환', 'ms', null, '2010-01-01', 1, 2012);
INSERT INTO salab.members (ID, Name, KoreanName, Degree, Link, EnterDate, Graduated, GraduatedYear) VALUES (18, 'Jinkyu Kim', '김진규', 'phd', null, '2012-02-15', 1, 2012);
INSERT INTO salab.members (ID, Name, KoreanName, Degree, Link, EnterDate, Graduated, GraduatedYear) VALUES (19, 'Seonah Lee', '이선아', 'dr', null, '2010-08-01', 1, 2016);
INSERT INTO salab.members (ID, Name, KoreanName, Degree, Link, EnterDate, Graduated, GraduatedYear) VALUES (25, 'Hamad Alsawalqah', '하마드', 'phd', '', '2008-01-01', 1, 2014);
INSERT INTO salab.members (ID, Name, KoreanName, Degree, Link, EnterDate, Graduated, GraduatedYear) VALUES (26, 'Sangyup Han', '한상엽', 'external', '', '2016-03-04', 0, null);
INSERT INTO salab.members (ID, Name, KoreanName, Degree, Link, EnterDate, Graduated, GraduatedYear) VALUES (27, 'Ben Lee', '벤리', 'external', '', '2016-03-04', 0, null);
INSERT INTO salab.members (ID, Name, KoreanName, Degree, Link, EnterDate, Graduated, GraduatedYear) VALUES (28, 'Hoseung Shin', '신호승', 'external', '', '2016-03-07', 0, null);
INSERT INTO salab.members (ID, Name, KoreanName, Degree, Link, EnterDate, Graduated, GraduatedYear) VALUES (29, 'Heuijin Lee', '이희진', 'ms', '', '2012-09-01', 1, 2014);
INSERT INTO salab.members (ID, Name, KoreanName, Degree, Link, EnterDate, Graduated, GraduatedYear) VALUES (30, 'Changsub Keum', '금창섭', 'phd', '', '2008-01-01', 1, 2014);
INSERT INTO salab.members (ID, Name, KoreanName, Degree, Link, EnterDate, Graduated, GraduatedYear) VALUES (31, 'Danhyung Lee', '이단형', 'external', '', '2016-03-04', 0, null);
INSERT INTO salab.members (ID, Name, KoreanName, Degree, Link, EnterDate, Graduated, GraduatedYear) VALUES (32, 'Myungchul Kim', '김명철', 'external', '', '2016-12-31', 0, null);
INSERT INTO salab.members (ID, Name, KoreanName, Degree, Link, EnterDate, Graduated, GraduatedYear) VALUES (33, 'Sunghun Kim', '김성훈', 'external', '', '2016-03-04', 0, null);
INSERT INTO salab.members (ID, Name, KoreanName, Degree, Link, EnterDate, Graduated, GraduatedYear) VALUES (34, 'Matt Staats', '', 'external', '', '2016-03-04', 0, null);

INSERT INTO salab.publications (ID, PublicationType, Title, MetaData, Date) VALUES (0, 'INTERNATIONAL_CONFERENCE', 'A Software Binding Application Tool based on the Orthogonal Variability Description Language for Software Product Line Development', 'The 16th ACIS International Conference on Software Engineering, Artificial Intelligence, Networking and Parallel/Distributed Computing (SNPD 2015), Takamatsu, Japan, June 1-3, 2015. (Regular Paper)', '2015-06-01');
INSERT INTO salab.publications (ID, PublicationType, Title, MetaData, Date) VALUES (1, 'DOMESTIC_CONFERENCE', '사례연구: 기능확장성을 위한 소프트웨어 아키텍처 재설계', '2009 한국 소프트웨어공학 학술대회 (KCSE2009), 2009년 2월 9일 ~ 11일', '2009-02-09');
INSERT INTO salab.publications (ID, PublicationType, Title, MetaData, Date) VALUES (2, 'INTERNATIONAL_CONFERENCE', 'Systematic Software Product Line Test Case Derivation for Test Data Reuse', 'The 7th IEEE International Workshop on Software Test Automation (STA 2015), Taichung, Taiwan, July 2015. (Regular Paper)', '2015-07-01');
INSERT INTO salab.publications (ID, PublicationType, Title, MetaData, Date) VALUES (3, 'SCI_JOURNAL', 'Formal Synthesis of Application and Platform Behavior of Embedded Software Systems', 'Journal of Software and Systems Modeling, Vol.14, Issue 2, pp. 839-859, May 2015', '2015-05-01');
INSERT INTO salab.publications (ID, PublicationType, Title, MetaData, Date) VALUES (4, 'DOMESTIC_JOURNAL', '소프트웨어 제품 라인의 요구사항과 아키텍처 간 추적성 모델링', '한국정보처리학회 논문지 - 소프트웨어 및 데이터 공학 - 제4권 제11호, pp. 487-498, 2015년 11월.', '2015-11-01');
INSERT INTO salab.publications (ID, PublicationType, Title, MetaData, Date) VALUES (5, 'SCI_JOURNAL', 'The Impact of View Histories on Edit Recommendations', 'IEEE Transactions on Software Engineering, Vol. 41, Issue 3, pp. 314-330, March 2015.', '2015-03-01');
INSERT INTO salab.publications (ID, PublicationType, Title, MetaData, Date) VALUES (9, 'SCI_JOURNAL', 'Fast Directional Handoff and Lightweight Retransmission Protocol for Enhancing Multimedia Quality in Indoor WLANs', 'Computer Networks, Volume: 79, Issue: 3, pp. 133~147, March 2015.', '2015-03-01');
INSERT INTO salab.publications (ID, PublicationType, Title, MetaData, Date) VALUES (10, 'DOMESTIC_CONFERENCE', '소프트웨어 아키텍처를 통한 시스템 기능확장성 측정에 관한 연구', '한국IT서비스학회 추계학술대회, 2007.11.21.', '2007-11-21');
INSERT INTO salab.publications (ID, PublicationType, Title, MetaData, Date) VALUES (11, 'DOMESTIC_CONFERENCE', 'FSP Model을 이용한 C&C View 아키텍처의 검증', '한국IT서비스학회 추계학술대회, 2006.11.15.', '2006-11-15');
INSERT INTO salab.publications (ID, PublicationType, Title, MetaData, Date) VALUES (12, 'INTERNATIONAL_CONFERENCE', 'A Case Study of Global Software Development with A-SQUARE Project', 'The 11th IEEE Int''l Conf. on Computer and Information Science (ICIS 2012), Shanghai, China, May 30 - June 1, 2012.', '2012-05-30');
INSERT INTO salab.publications (ID, PublicationType, Title, MetaData, Date) VALUES (13, 'DOMESTIC_JOURNAL', '확장형 실시간 데이터 파이프라인 시스템 아키텍처 설계', '한국정보과학회 논문지 제42권 제8호, pp. 1010-1021, 2015년 8월.', '2015-08-01');
INSERT INTO salab.publications (ID, PublicationType, Title, MetaData, Date) VALUES (14, 'DOMESTIC_JOURNAL', '문제틀과 아키텍처 패턴의 매칭을 이용한 소프트웨어 아키텍처 설계방법', '한국정보과학회 논문지 제42권 제3호, pp. 341-360, 2015년 3월.', '2015-03-01');
INSERT INTO salab.publications (ID, PublicationType, Title, MetaData, Date) VALUES (15, 'DOMESTIC_JOURNAL', '조합 시험 설계를 이용한 소프트웨어 제품라인 시험항목 생성 방법', '한국정보과학회논문지 제31권 제10호, pp. 86-93, 2014년 10월.', '2014-10-01');
INSERT INTO salab.publications (ID, PublicationType, Title, MetaData, Date) VALUES (16, 'INTERNATIONAL_JOURNAL', 'vPMM: A Value Based Process Maturity Model', 'Studies in Computational Intelligence, Vol 208/2009, R. Lee, G. Hu, H. Miao (Eds.), pp. 193-202, Springer-Verlag Berlin Heidelberg 2009. (Presented at the 8th IEEE Int''l Conf. on Computer and Information Science (ICIS 2009), Shanghai, China, June 1-3, 2009. [Selected as 26 outstanding papers out of 585 submitted and 205 published in the conference proceedings.]', '2009-06-01');
INSERT INTO salab.publications (ID, PublicationType, Title, MetaData, Date) VALUES (17, 'INTERNATIONAL_CONFERENCE', 'An Efficient Application-Device Matching Method for the Mobile Software Ecosystem', 'The 21st Asia-Pacific Software Engineering Conference, Jeju, Korea, December 1-4, 2014. (Acceptance Rate: 29.6%)', '2014-12-01');
INSERT INTO salab.publications (ID, PublicationType, Title, MetaData, Date) VALUES (18, 'SCI_JOURNAL', 'A Technique for Measuring Business Process based on Business Values', 'IEICE Transactions on Information and Software Systems. Vol.E98-D,No.4, pp. 911-921, April 2015.', '2015-04-01');
INSERT INTO salab.publications (ID, PublicationType, Title, MetaData, Date) VALUES (19, 'SCI_JOURNAL', 'Clustering Navigation Sequences to Create Contexts for Guiding Code Navigation', 'Journal of Systems and Software (2013), Vol. 86, 2154- 2165, August 2013.', '2013-08-01');

INSERT INTO salab.resourcegroups (ID, GroupName) VALUES (0, 'KAIST Links');
INSERT INTO salab.resourcegroups (ID, GroupName) VALUES (1, 'Software Architecture Resources');
INSERT INTO salab.resourcegroups (ID, GroupName) VALUES (2, 'Related Conferences');

INSERT INTO salab.resources (ID, ResourceGroupID, ResourceType, Title, Contents) VALUES (0, 0, 'LINK', 'KAIST', 'http://www.kaist.ac.kr');

INSERT INTO salab.rmemberinterests (ID, InterestID, MemberID) VALUES (0, 0, 0);
INSERT INTO salab.rmemberinterests (ID, InterestID, MemberID) VALUES (1, 7, 1);
INSERT INTO salab.rmemberinterests (ID, InterestID, MemberID) VALUES (2, 8, 1);
INSERT INTO salab.rmemberinterests (ID, InterestID, MemberID) VALUES (3, 9, 1);

INSERT INTO salab.rmemberpublications (ID, PublicationID, MemberID, AuthorOrder) VALUES (0, 0, 7, 1);
INSERT INTO salab.rmemberpublications (ID, PublicationID, MemberID, AuthorOrder) VALUES (1, 0, 0, 2);
INSERT INTO salab.rmemberpublications (ID, PublicationID, MemberID, AuthorOrder) VALUES (2, 0, 3, 3);
INSERT INTO salab.rmemberpublications (ID, PublicationID, MemberID, AuthorOrder) VALUES (3, 1, 1, 1);
INSERT INTO salab.rmemberpublications (ID, PublicationID, MemberID, AuthorOrder) VALUES (4, 1, 0, 2);
INSERT INTO salab.rmemberpublications (ID, PublicationID, MemberID, AuthorOrder) VALUES (5, 2, 0, 1);
INSERT INTO salab.rmemberpublications (ID, PublicationID, MemberID, AuthorOrder) VALUES (6, 2, 10, 2);
INSERT INTO salab.rmemberpublications (ID, PublicationID, MemberID, AuthorOrder) VALUES (7, 2, 11, 3);
INSERT INTO salab.rmemberpublications (ID, PublicationID, MemberID, AuthorOrder) VALUES (8, 2, 12, 4);
INSERT INTO salab.rmemberpublications (ID, PublicationID, MemberID, AuthorOrder) VALUES (9, 3, 13, 1);
INSERT INTO salab.rmemberpublications (ID, PublicationID, MemberID, AuthorOrder) VALUES (10, 3, 14, 2);
INSERT INTO salab.rmemberpublications (ID, PublicationID, MemberID, AuthorOrder) VALUES (11, 3, 15, 3);
INSERT INTO salab.rmemberpublications (ID, PublicationID, MemberID, AuthorOrder) VALUES (12, 3, 16, 4);
INSERT INTO salab.rmemberpublications (ID, PublicationID, MemberID, AuthorOrder) VALUES (13, 3, 0, 5);
INSERT INTO salab.rmemberpublications (ID, PublicationID, MemberID, AuthorOrder) VALUES (14, 4, 17, 1);
INSERT INTO salab.rmemberpublications (ID, PublicationID, MemberID, AuthorOrder) VALUES (15, 4, 0, 2);
INSERT INTO salab.rmemberpublications (ID, PublicationID, MemberID, AuthorOrder) VALUES (16, 4, 18, 3);
INSERT INTO salab.rmemberpublications (ID, PublicationID, MemberID, AuthorOrder) VALUES (17, 4, 19, 4);
INSERT INTO salab.rmemberpublications (ID, PublicationID, MemberID, AuthorOrder) VALUES (18, 16, 12, 1);
INSERT INTO salab.rmemberpublications (ID, PublicationID, MemberID, AuthorOrder) VALUES (19, 16, 0, 3);
INSERT INTO salab.rmemberpublications (ID, PublicationID, MemberID, AuthorOrder) VALUES (20, 16, 31, 2);
INSERT INTO salab.rmemberpublications (ID, PublicationID, MemberID, AuthorOrder) VALUES (21, 17, 29, 1);
INSERT INTO salab.rmemberpublications (ID, PublicationID, MemberID, AuthorOrder) VALUES (22, 17, 0, 2);
INSERT INTO salab.rmemberpublications (ID, PublicationID, MemberID, AuthorOrder) VALUES (23, 17, 32, 3);
INSERT INTO salab.rmemberpublications (ID, PublicationID, MemberID, AuthorOrder) VALUES (24, 18, 12, 1);
INSERT INTO salab.rmemberpublications (ID, PublicationID, MemberID, AuthorOrder) VALUES (25, 18, 0, 2);
INSERT INTO salab.rmemberpublications (ID, PublicationID, MemberID, AuthorOrder) VALUES (26, 19, 19, 1);
INSERT INTO salab.rmemberpublications (ID, PublicationID, MemberID, AuthorOrder) VALUES (27, 19, 0, 2);
INSERT INTO salab.rmemberpublications (ID, PublicationID, MemberID, AuthorOrder) VALUES (28, 5, 19, 1);
INSERT INTO salab.rmemberpublications (ID, PublicationID, MemberID, AuthorOrder) VALUES (29, 5, 0, 2);
INSERT INTO salab.rmemberpublications (ID, PublicationID, MemberID, AuthorOrder) VALUES (30, 5, 33, 3);
INSERT INTO salab.rmemberpublications (ID, PublicationID, MemberID, AuthorOrder) VALUES (31, 5, 34, 4);
INSERT INTO salab.rmemberpublications (ID, PublicationID, MemberID, AuthorOrder) VALUES (32, 9, 26, 1);
INSERT INTO salab.rmemberpublications (ID, PublicationID, MemberID, AuthorOrder) VALUES (33, 9, 32, 2);
INSERT INTO salab.rmemberpublications (ID, PublicationID, MemberID, AuthorOrder) VALUES (34, 9, 27, 3);
INSERT INTO salab.rmemberpublications (ID, PublicationID, MemberID, AuthorOrder) VALUES (35, 9, 0, 4);
INSERT INTO salab.rmemberpublications (ID, PublicationID, MemberID, AuthorOrder) VALUES (36, 10, 1, 1);
INSERT INTO salab.rmemberpublications (ID, PublicationID, MemberID, AuthorOrder) VALUES (37, 10, 0, 2);
INSERT INTO salab.rmemberpublications (ID, PublicationID, MemberID, AuthorOrder) VALUES (38, 11, 1, 1);
INSERT INTO salab.rmemberpublications (ID, PublicationID, MemberID, AuthorOrder) VALUES (39, 11, 0, 2);
INSERT INTO salab.rmemberpublications (ID, PublicationID, MemberID, AuthorOrder) VALUES (40, 12, 4, 1);
INSERT INTO salab.rmemberpublications (ID, PublicationID, MemberID, AuthorOrder) VALUES (41, 12, 0, 2);
INSERT INTO salab.rmemberpublications (ID, PublicationID, MemberID, AuthorOrder) VALUES (42, 13, 28, 1);
INSERT INTO salab.rmemberpublications (ID, PublicationID, MemberID, AuthorOrder) VALUES (43, 13, 0, 2);
INSERT INTO salab.rmemberpublications (ID, PublicationID, MemberID, AuthorOrder) VALUES (44, 13, 12, 3);
INSERT INTO salab.rmemberpublications (ID, PublicationID, MemberID, AuthorOrder) VALUES (45, 14, 11, 1);
INSERT INTO salab.rmemberpublications (ID, PublicationID, MemberID, AuthorOrder) VALUES (46, 14, 0, 2);
INSERT INTO salab.rmemberpublications (ID, PublicationID, MemberID, AuthorOrder) VALUES (47, 14, 12, 3);
INSERT INTO salab.rmemberpublications (ID, PublicationID, MemberID, AuthorOrder) VALUES (48, 15, 10, 1);
INSERT INTO salab.rmemberpublications (ID, PublicationID, MemberID, AuthorOrder) VALUES (49, 15, 0, 2);
INSERT INTO salab.rmemberpublications (ID, PublicationID, MemberID, AuthorOrder) VALUES (50, 15, 12, 3);

INSERT INTO salab.surrogatekeys (TableName, KeyValue) VALUES ('Interests', 10);
INSERT INTO salab.surrogatekeys (TableName, KeyValue) VALUES ('Members', 35);
INSERT INTO salab.surrogatekeys (TableName, KeyValue) VALUES ('Publications', 20);
INSERT INTO salab.SurrogateKeys (TableName, KeyValue) VALUES ('Resources', 1);
INSERT INTO salab.surrogatekeys (TableName, KeyValue) VALUES ('RMemberInterests', 4);
INSERT INTO salab.surrogatekeys (TableName, KeyValue) VALUES ('RMemberPublications', 51);
INSERT INTO salab.SurrogateKeys (TableName, KeyValue) VALUES ('Courses', 1);
INSERT INTO salab.SurrogateKeys (TableName, KeyValue) VALUES ('CourseCodes', 2);
INSERT INTO salab.SurrogateKeys (TableName, KeyValue) VALUES ('ResourceGroups', 3);

COMMIT;